Workbook

Sheet Dashboard
B2: CAMPAIGN OVERVIEW • PREPARED FOR FORESIGHT BY TAWAZUN
B3: Paid Social Media Plan
B4: Foresight by Tawazun • Market: UAE • Duration: 30 Days • Platforms: Instagram & Twitter
B7: KEY FIGURES
B10: TOTAL BUDGET | F10: EXPECTED PROFILE VISITS | J10: EXPECTED ENGAGEMENT
B11: ='Media Plan'!F15 -> 15000 | F11: ='Media Plan'!D12 -> 30277.778 | J11: ='Media Plan'!D13 -> 55555.556
B12: ="Daily budget "&TEXT('Media Plan'!G15,"$#,##0.00") -> Daily budget $500.00 | F12: Instagram + Twitter | J12: Instagram + Twitter
B15: EXPECTED LEAD FORMS | F15: CAMPAIGN DURATION | J15: MARKET • PLATFORMS
B16: ='Media Plan'!D14 -> 982.14286 | F16: 30 Days | J16: UAE • IG & Twitter
B17: Instagram + Twitter | F17: Always-on flight | J17: Budget split 50% / 50%
B19: PLATFORM SNAPSHOT
B21: Platform | D21: Budget Share | F21: Budget | H21: Daily Budget | J21: Profile Visits | L21: Engagement | M21: Lead Forms
B22: Instagram | D22: ='Media Plan'!H10 -> 0.5 | F22: ='Media Plan'!J15 -> 7500 | H22: ='Media Plan'!K15 -> 250 | J22: ='Media Plan'!H12 -> 27777.778 | L22: ='Media Plan'!H13 -> 27777.778 | M22: ='Media Plan'!H14 -> 625
B23: Twitter | D23: ='Media Plan'!L10 -> 0.5 | F23: ='Media Plan'!N15 -> 7500 | H23: ='Media Plan'!O15 -> 250 | J23: ='Media Plan'!L12 -> 27777.778 | L23: ='Media Plan'!L13 -> 27777.778 | M23: ='Media Plan'!L14 -> 357.14286
B24: Total | D24: =D22+D23 -> 1 | F24: ='Media Plan'!F15 -> 15000 | H24: ='Media Plan'!G15 -> 500 | J24: ='Media Plan'!D12 -> 30277.778 | L24: ='Media Plan'!D13 -> 55555.556 | M24: ='Media Plan'!D14 -> 982.14286
B26: BUDGET ALLOCATION
B44: All amounts in USD. Figures are linked to the "Media Plan" sheet. Target results are estimates based on platform benchmarks and are not guaranteed.

Sheet Media Plan
B2: PAID SOCIAL • MEDIA PLAN
B3: Detailed Media Plan
B4: Foresight by Tawazun • Market: UAE • Duration: 30 Days • Platforms: Instagram & Twitter
B7: CAMPAIGN BREAKDOWN BY PLATFORM & OBJECTIVE
B9: CAMPAIGN | D9: TOTAL | H9: INSTAGRAM | L9: TWITTER
D10: 30-Day Campaign | H10: =0.5 -> 0.5 | L10: =0.5 -> 0.5
B11: Location | C11: Objective | D11: Target Results | E11: CPR | F11: Budget | G11: Daily Budget | H11: Target Results | I11: CPR | J11: Budget | K11: Daily Budget | L11: Target Results | M11: CPR | N11: Budget | O11: Daily Budget
B12: UAE | C12: Profile Visits | D12: =H12+N12 -> 30277.778 | E12: =I12 -> 0.09 | F12: 5000 | G12: =K12+O12 -> 166.66667 | H12: =J12/I12 -> 27777.778 | I12: 0.09 | J12: =F12*50/100 -> 2500 | K12: =J12/30 -> 83.333333 | L12: =N12/M12 -> 27777.778 | M12: 0.09 | N12: =F12*50/100 -> 2500 | O12: =N12/30 -> 83.333333
C13: Engagement | D13: =H13+L13 -> 55555.556 | E13: =I13 -> 0.09 | F13: 5000 | G13: =K13+O13 -> 166.66667 | H13: =J13/I13 -> 27777.778 | I13: 0.09 | J13: =F13*50/100 -> 2500 | K13: =J13/30 -> 83.333333 | L13: =N13/M13 -> 27777.778 | M13: 0.09 | N13: =F13*50/100 -> 2500 | O13: =N13/30 -> 83.333333
C14: Lead Form | D14: =H14+L14 -> 982.14286 | E14: =I14 -> 4 | F14: 5000 | G14: =K14+O14 -> 166.66667 | H14: =J14/I14 -> 625 | I14: 4 | J14: =F14*50/100 -> 2500 | K14: =J14/30 -> 83.333333 | L14: =N14/M14 -> 357.14286 | M14: 7 | N14: =F14*50/100 -> 2500 | O14: =N14/30 -> 83.333333
B15: TOTAL | F15: =SUM(F12:F14) -> 15000 | G15: =SUM(G12:G14) -> 500 | J15: =SUM(J12:J14) -> 7500 | K15: =SUM(K12:K14) -> 250 | N15: =SUM(N12:N14) -> 7500 | O15: =SUM(O12:O14) -> 250
B17: EXPECTED RESULTS SUMMARY
B19: KPI | E19: Value | G19: Notes
B20: Total Budget | E20: =F15 -> 15000 | G20: Total paid media investment across Instagram and Twitter for the 30-day flight.
B21: Total Expected Profile Visits | E21: =D12 -> 30277.778 | G21: These are the number of the total visits for the IG and twitter as there is no guaranteed campaign that gives direct followers
B22: Total Expected Engagement | E22: =D13 -> 55555.556 | G22: These are the expected engagement through whole meta and twitter as for meta the manual placement will be removed so the placement will be over Facebook page and IG page, we recommend doing facebook page
B23: Total Expected Lead Forms | E23: =D14 -> 982.14286 | G23: We will create a lead form campaign to get information for the people to send them the magazine directly after they submitted our lead form campaign
B25: All amounts in USD. CPR = Cost Per Result. Target results are estimates based on platform benchmarks and are not guaranteed.

Sheet Notes & Glossary
B2: CAMPAIGN NOTES
B3: Notes & Glossary
B4: Foresight by Tawazun • Market: UAE • Duration: 30 Days • Platforms: Instagram & Twitter
B7: CAMPAIGN NOTES
B9: Profile Visits | C9: These are the number of the total visits for the IG and twitter as there is no guaranteed campaign that gives direct followers
B10: Engagement | C10: These are the expected engagement through whole meta and twitter as for meta the manual placement will be removed so the placement will be over Facebook page and IG page, we recommend doing facebook page
B11: Lead Form | C11: We will create a lead form campaign to get information for the people to send them the magazine directly after they submitted our lead form campaign
B13: GLOSSARY
B15: Target Results | C15: Estimated number of results for each objective (Budget ÷ CPR).
B16: CPR | C16: Cost Per Result: the estimated cost for each profile visit, engagement or lead.
B17: Budget | C17: Total spend allocated to the objective over the 30-day campaign.
B18: Daily Budget | C18: Budget ÷ 30 days.
B19: Budget Share | C19: Percentage of each objective budget allocated to the platform.
