Workbook

Sheet الملخص
A1: نسبة الالتزام بتحديث معلومات إرشادات السفر في الموقع الإلكتروني للوزارة
A2: الربع الثالث 2026 (يوليو – سبتمبر) · Q3 2026 Travel Advisory Update Compliance
B5: المهلة المحددة للتحديث (بالأيام) | C5: 1 | D5: ← قابلة للتعديل وفق المهلة المعتمدة (يُحتسب التحديث ملتزماً إذا تم خلال هذه المدة من تاريخ ورود المعلومة)
B7: المؤشرات الرئيسية
B8: إجمالي التحديثات المنفذة | C8: =COUNT('سجل التحديثات'!$A$5:$A$182) -> 178
B9: عدد الدول التي شملها التحديث | C9: =COUNT('الالتزام حسب الدولة'!A5:A56) -> 52
B10: التحديثات الملتزمة بالوقت المحدد | C10: =COUNTIF('سجل التحديثات'!$J$5:$J$182,"ملتزم") -> 178
B11: التحديثات المتأخرة | C11: =COUNTIF('سجل التحديثات'!$J$5:$J$182,"متأخر") -> 0
B12: نسبة الالتزام بالوقت المحدد | C12: =IF(C8=0,0,C10/C8) -> 1
B14: الالتزام حسب الشهر
B15: الشهر | C15: إجمالي التحديثات | D15: ملتزم | E15: متأخر | F15: نسبة الالتزام
B16: يوليو 2026 | C16: =COUNTIF('سجل التحديثات'!$B$5:$B$182,"يوليو") -> 65 | D16: =COUNTIFS('سجل التحديثات'!$B$5:$B$182,"يوليو",'سجل التحديثات'!$J$5:$J$182,"ملتزم") -> 65 | E16: =COUNTIFS('سجل التحديثات'!$B$5:$B$182,"يوليو",'سجل التحديثات'!$J$5:$J$182,"متأخر") -> 0 | F16: =IF(C16=0,0,D16/C16) -> 1
B17: أغسطس 2026 | C17: =COUNTIF('سجل التحديثات'!$B$5:$B$182,"أغسطس") -> 46 | D17: =COUNTIFS('سجل التحديثات'!$B$5:$B$182,"أغسطس",'سجل التحديثات'!$J$5:$J$182,"ملتزم") -> 46 | E17: =COUNTIFS('سجل التحديثات'!$B$5:$B$182,"أغسطس",'سجل التحديثات'!$J$5:$J$182,"متأخر") -> 0 | F17: =IF(C17=0,0,D17/C17) -> 1
B18: سبتمبر 2026 | C18: =COUNTIF('سجل التحديثات'!$B$5:$B$182,"سبتمبر") -> 67 | D18: =COUNTIFS('سجل التحديثات'!$B$5:$B$182,"سبتمبر",'سجل التحديثات'!$J$5:$J$182,"ملتزم") -> 67 | E18: =COUNTIFS('سجل التحديثات'!$B$5:$B$182,"سبتمبر",'سجل التحديثات'!$J$5:$J$182,"متأخر") -> 0 | F18: =IF(C18=0,0,D18/C18) -> 1
B19: إجمالي الربع الثالث | C19: =SUM(C16:C18) -> 178 | D19: =SUM(D16:D18) -> 178 | E19: =SUM(E16:E18) -> 0 | F19: =IF(C19=0,0,D19/C19) -> 1
B21: الالتزام حسب فئة التحديث
B22: الفئة | C22: يوليو | D22: أغسطس | E22: سبتمبر | F22: إجمالي الربع | G22: ملتزم | H22: نسبة الالتزام
B23: التنبيهات والتحذيرات | C23: =COUNTIFS('سجل التحديثات'!$C$5:$C$182,"التنبيهات والتحذيرات",'سجل التحديثات'!$B$5:$B$182,"يوليو") -> 19 | D23: =COUNTIFS('سجل التحديثات'!$C$5:$C$182,"التنبيهات والتحذيرات",'سجل التحديثات'!$B$5:$B$182,"أغسطس") -> 30 | E23: =COUNTIFS('سجل التحديثات'!$C$5:$C$182,"التنبيهات والتحذيرات",'سجل التحديثات'!$B$5:$B$182,"سبتمبر") -> 20 | F23: =SUM(C23:E23) -> 69 | G23: =COUNTIFS('سجل التحديثات'!$C$5:$C$182,"التنبيهات والتحذيرات",'سجل التحديثات'!$J$5:$J$182,"ملتزم") -> 69 | H23: =IF(F23=0,0,G23/F23) -> 1
B24: الإعفاءات من التأشيرة | C24: =COUNTIFS('سجل التحديثات'!$C$5:$C$182,"الإعفاءات من التأشيرة",'سجل التحديثات'!$B$5:$B$182,"يوليو") -> 7 | D24: =COUNTIFS('سجل التحديثات'!$C$5:$C$182,"الإعفاءات من التأشيرة",'سجل التحديثات'!$B$5:$B$182,"أغسطس") -> 4 | E24: =COUNTIFS('سجل التحديثات'!$C$5:$C$182,"الإعفاءات من التأشيرة",'سجل التحديثات'!$B$5:$B$182,"سبتمبر") -> 11 | F24: =SUM(C24:E24) -> 22 | G24: =COUNTIFS('سجل التحديثات'!$C$5:$C$182,"الإعفاءات من التأشيرة",'سجل التحديثات'!$J$5:$J$182,"ملتزم") -> 22 | H24: =IF(F24=0,0,G24/F24) -> 1
B25: إرشادات المسافر | C25: =COUNTIFS('سجل التحديثات'!$C$5:$C$182,"إرشادات المسافر",'سجل التحديثات'!$B$5:$B$182,"يوليو") -> 39 | D25: =COUNTIFS('سجل التحديثات'!$C$5:$C$182,"إرشادات المسافر",'سجل التحديثات'!$B$5:$B$182,"أغسطس") -> 12 | E25: =COUNTIFS('سجل التحديثات'!$C$5:$C$182,"إرشادات المسافر",'سجل التحديثات'!$B$5:$B$182,"سبتمبر") -> 36 | F25: =SUM(C25:E25) -> 87 | G25: =COUNTIFS('سجل التحديثات'!$C$5:$C$182,"إرشادات المسافر",'سجل التحديثات'!$J$5:$J$182,"ملتزم") -> 87 | H25: =IF(F25=0,0,G25/F25) -> 1
B26: الإجمالي | C26: =SUM(C23:C25) -> 65 | D26: =SUM(D23:D25) -> 46 | E26: =SUM(E23:E25) -> 67 | F26: =SUM(F23:F25) -> 178 | G26: =SUM(G23:G25) -> 178 | H26: =IF(F26=0,0,G26/F26) -> 1
B28: ملاحظات منهجية
B29: 1) مصدر البيانات: التقارير الشهرية لـ«المسافر الإماراتي والتنبيهات والتحذيرات» لأشهر يوليو وأغسطس وسبتمبر 2026.
B30: 2) التقارير الشهرية تتضمن تاريخ التحديث فقط ولا تتضمن تاريخ ورود المعلومة؛ لذا تم افتراض تاريخ الورود = تاريخ التحديث (تحديث في نفس اليوم) في عمود «تاريخ ورود المعلومة» بورقة سجل التحديثات.
B31: 3) عند تعديل تاريخ الورود (الخلايا الصفراء) أو المهلة المحددة (C5) يُعاد احتساب الحالة ونسب الالتزام تلقائياً.
B32: 4) تم توحيد مسميات الدول (مثل USA / United States) لأغراض الاحتساب حسب الدولة.

Sheet سجل التحديثات
A1: سجل تحديثات إرشادات السفر – الربع الثالث 2026
A2: Travel Advisory Updates Log – Q3 2026 (July – September)
A4: م No. | B4: الشهر Month | C4: الفئة Category | D4: الدولة Country | E4: نوع الإجراء Action | F4: تفاصيل التحديث Details | G4: تاريخ ورود المعلومة Request date | H4: تاريخ التحديث بالموقع Update date | I4: المدة (يوم) Days | J4: الحالة Status | K4: ملاحظات Notes
A5: 1 | B5: يوليو | C5: الإعفاءات من التأشيرة | D5: سوريا · Syria | E5: تحديث صفحة الإعفاء | F5: تعديل أيقونة الإعفاء من التأشيرة في صفحة المسافر الإماراتي على موقع الوزارة – سوريا | G5: 46204 | H5: 46204 | I5: =IF(OR(G5="",H5=""),"",H5-G5) -> 0 | J5: =IF(I5="","",IF(I5<=الملخص!$C$5,"ملتزم","متأخر")) -> ملتزم
A6: 2 | B6: يوليو | C6: إرشادات المسافر | D6: السعودية · Saudi Arabia | E6: القوانين والتعليمات والجمارك | F6: تعديل خانة القوانين والتعليمات والجمارك في صفحة المسافر الإماراتي على موقع الوزارة – السعودية | G6: 46204 | H6: 46204 | I6: =IF(OR(G6="",H6=""),"",H6-G6) -> 0 | J6: =IF(I6="","",IF(I6<=الملخص!$C$5,"ملتزم","متأخر")) -> ملتزم
A7: 3 | B7: يوليو | C7: إرشادات المسافر | D7: سوريا · Syria | E7: القوانين والتعليمات والجمارك | F7: تعديل خانة القوانين في صفحة المسافر الإماراتي على موقع الوزارة – سوريا | G7: 46204 | H7: 46204 | I7: =IF(OR(G7="",H7=""),"",H7-G7) -> 0 | J7: =IF(I7="","",IF(I7<=الملخص!$C$5,"ملتزم","متأخر")) -> ملتزم
A8: 4 | B8: يوليو | C8: إرشادات المسافر | D8: سوريا · Syria | E8: ارشادات الكوارث والأزمات | F8: تعديل وإضافة مسميات وأرقام الطوارئ في خانة إرشادات الكوارث والأزمات في صفحة المسافر الإماراتي على موقع الوزارة – سوريا | G8: 46204 | H8: 46204 | I8: =IF(OR(G8="",H8=""),"",H8-G8) -> 0 | J8: =IF(I8="","",IF(I8<=الملخص!$C$5,"ملتزم","متأخر")) -> ملتزم
A9: 5 | B9: يوليو | C9: إرشادات المسافر | D9: سوريا · Syria | E9: العادات والتقاليد والعطلات | F9: تعديل خانة العادات والتقاليد والعطلات في صفحة المسافر الإماراتي على موقع الوزارة – سوريا | G9: 46204 | H9: 46204 | I9: =IF(OR(G9="",H9=""),"",H9-G9) -> 0 | J9: =IF(I9="","",IF(I9<=الملخص!$C$5,"ملتزم","متأخر")) -> ملتزم
A10: 6 | B10: يوليو | C10: إرشادات المسافر | D10: قطر · Qatar | E10: ارشادات الكوارث والأزمات | F10: تعديل خانة الكوارث والأزمات في صفحة المسافر الإماراتي على موقع الوزارة – قطر | G10: 46204 | H10: 46204 | I10: =IF(OR(G10="",H10=""),"",H10-G10) -> 0 | J10: =IF(I10="","",IF(I10<=الملخص!$C$5,"ملتزم","متأخر")) -> ملتزم
A11: 7 | B11: يوليو | C11: إرشادات المسافر | D11: قطر · Qatar | E11: العادات والتقاليد والعطلات | F11: تعديل خانة العادات والتقاليد والعطلات في صفحة المسافر الإماراتي على موقع الوزارة – قطر | G11: 46204 | H11: 46204 | I11: =IF(OR(G11="",H11=""),"",H11-G11) -> 0 | J11: =IF(I11="","",IF(I11<=الملخص!$C$5,"ملتزم","متأخر")) -> ملتزم
A12: 8 | B12: يوليو | C12: التنبيهات والتحذيرات | D12: فيتنام · Vietnam | E12: نشر تنبيه | F12: نشر تنبيه في صفحة المسافر الإماراتي على موقع الوزارة – فيتنام | G12: 46205 | H12: 46205 | I12: =IF(OR(G12="",H12=""),"",H12-G12) -> 0 | J12: =IF(I12="","",IF(I12<=الملخص!$C$5,"ملتزم","متأخر")) -> ملتزم
A13: 9 | B13: يوليو | C13: إرشادات المسافر | D13: الهند · India | E13: إرشادات السفر العامة | F13: تعديل خانة إرشادات السفر العامة في صفحة المسافر الإماراتي على موقع الوزارة – الهند | G13: 46205 | H13: 46205 | I13: =IF(OR(G13="",H13=""),"",H13-G13) -> 0 | J13: =IF(I13="","",IF(I13<=الملخص!$C$5,"ملتزم","متأخر")) -> ملتزم
A14: 10 | B14: يوليو | C14: الإعفاءات من التأشيرة | D14: المملكة المتحدة · United Kingdom | E14: تحديث صفحة الإعفاء | F14: تحديث الأيقونة الخاصة بالإعفاء من التأشيرة في صفحة المسافر الإماراتي – المملكة المتحدة لبريطانيا العظمى وأيرلندا الشمالية | G14: 46209 | H14: 46209 | I14: =IF(OR(G14="",H14=""),"",H14-G14) -> 0 | J14: =IF(I14="","",IF(I14<=الملخص!$C$5,"ملتزم","متأخر")) -> ملتزم
A15: 11 | B15: يوليو | C15: إرشادات المسافر | D15: فنلندا · Finland | E15: ارشادات الكوارث والأزمات | F15: تعديل خانة الكوارث والأزمات في صفحة المسافر الإماراتي – فنلندا | G15: 46209 | H15: 46209 | I15: =IF(OR(G15="",H15=""),"",H15-G15) -> 0 | J15: =IF(I15="","",IF(I15<=الملخص!$C$5,"ملتزم","متأخر")) -> ملتزم
A16: 12 | B16: يوليو | C16: التنبيهات والتحذيرات | D16: نيوزيلندا · New Zealand | E16: نشر تنبيه | F16: نشر تنبيه المسافر الإماراتي لنيوزيلندا باللغتين العربية والإنجليزية على موقع الوزارة | G16: 46210 | H16: 46210 | I16: =IF(OR(G16="",H16=""),"",H16-G16) -> 0 | J16: =IF(I16="","",IF(I16<=الملخص!$C$5,"ملتزم","متأخر")) -> ملتزم
... A182: 178 | B182: سبتمبر | C182: التنبيهات والتحذيرات | D182: الفلبين · Philippines | E182: حذف تنبيه | F182: حذف تنبيه الفلبين من صفحة المسافر الإماراتي باللغتين العربية والإنجليزية | G182: 46295 | H182: 46295 | I182: =IF(OR(G182="",H182=""),"",H182-G182) -> 0 | J182: =IF(I182="","",IF(I182<=الملخص!$C$5,"ملتزم","متأخر")) -> ملتزم

Sheet الالتزام حسب الدولة
A1: الدول والالتزام بأوقات التحديث – الربع الثالث 2026
A2: Countries & On-time Update Compliance – Q3 2026
A4: م | B4: الدولة Country | C4: يوليو | D4: أغسطس | E4: سبتمبر | F4: إجمالي التحديثات | G4: ملتزم | H4: متأخر | I4: نسبة الالتزام
A5: 1 | B5: الولايات المتحدة الأمريكية · United States | C5: =COUNTIFS('سجل التحديثات'!$D$5:$D$182,$B5,'سجل التحديثات'!$B$5:$B$182,"يوليو") -> 5 | D5: =COUNTIFS('سجل التحديثات'!$D$5:$D$182,$B5,'سجل التحديثات'!$B$5:$B$182,"أغسطس") -> 3 | E5: =COUNTIFS('سجل التحديثات'!$D$5:$D$182,$B5,'سجل التحديثات'!$B$5:$B$182,"سبتمبر") -> 4 | F5: =SUM(C5:E5) -> 12 | G5: =COUNTIFS('سجل التحديثات'!$D$5:$D$182,$B5,'سجل التحديثات'!$J$5:$J$182,"ملتزم") -> 12 | H5: =COUNTIFS('سجل التحديثات'!$D$5:$D$182,$B5,'سجل التحديثات'!$J$5:$J$182,"متأخر") -> 0 | I5: =IF(F5=0,0,G5/F5) -> 1
A6: 2 | B6: اليابان · Japan | C6: =COUNTIFS('سجل التحديثات'!$D$5:$D$182,$B6,'سجل التحديثات'!$B$5:$B$182,"يوليو") -> 0 | D6: =COUNTIFS('سجل التحديثات'!$D$5:$D$182,$B6,'سجل التحديثات'!$B$5:$B$182,"أغسطس") -> 6 | E6: =COUNTIFS('سجل التحديثات'!$D$5:$D$182,$B6,'سجل التحديثات'!$B$5:$B$182,"سبتمبر") -> 3 | F6: =SUM(C6:E6) -> 9 | G6: =COUNTIFS('سجل التحديثات'!$D$5:$D$182,$B6,'سجل التحديثات'!$J$5:$J$182,"ملتزم") -> 9 | H6: =COUNTIFS('سجل التحديثات'!$D$5:$D$182,$B6,'سجل التحديثات'!$J$5:$J$182,"متأخر") -> 0 | I6: =IF(F6=0,0,G6/F6) -> 1
A7: 3 | B7: الصين · China | C7: =COUNTIFS('سجل التحديثات'!$D$5:$D$182,$B7,'سجل التحديثات'!$B$5:$B$182,"يوليو") -> 5 | D7: =COUNTIFS('سجل التحديثات'!$D$5:$D$182,$B7,'سجل التحديثات'!$B$5:$B$182,"أغسطس") -> 2 | E7: =COUNTIFS('سجل التحديثات'!$D$5:$D$182,$B7,'سجل التحديثات'!$B$5:$B$182,"سبتمبر") -> 0 | F7: =SUM(C7:E7) -> 7 | G7: =COUNTIFS('سجل التحديثات'!$D$5:$D$182,$B7,'سجل التحديثات'!$J$5:$J$182,"ملتزم") -> 7 | H7: =COUNTIFS('سجل التحديثات'!$D$5:$D$182,$B7,'سجل التحديثات'!$J$5:$J$182,"متأخر") -> 0 | I7: =IF(F7=0,0,G7/F7) -> 1
A8: 4 | B8: فيتنام · Vietnam | C8: =COUNTIFS('سجل التحديثات'!$D$5:$D$182,$B8,'سجل التحديثات'!$B$5:$B$182,"يوليو") -> 2 | D8: =COUNTIFS('سجل التحديثات'!$D$5:$D$182,$B8,'سجل التحديثات'!$B$5:$B$182,"أغسطس") -> 2 | E8: =COUNTIFS('سجل التحديثات'!$D$5:$D$182,$B8,'سجل التحديثات'!$B$5:$B$182,"سبتمبر") -> 3 | F8: =SUM(C8:E8) -> 7 | G8: =COUNTIFS('سجل التحديثات'!$D$5:$D$182,$B8,'سجل التحديثات'!$J$5:$J$182,"ملتزم") -> 7 | H8: =COUNTIFS('سجل التحديثات'!$D$5:$D$182,$B8,'سجل التحديثات'!$J$5:$J$182,"متأخر") -> 0 | I8: =IF(F8=0,0,G8/F8) -> 1
A9: 5 | B9: المملكة المتحدة · United Kingdom | C9: =COUNTIFS('سجل التحديثات'!$D$5:$D$182,$B9,'سجل التحديثات'!$B$5:$B$182,"يوليو") -> 4 | D9: =COUNTIFS('سجل التحديثات'!$D$5:$D$182,$B9,'سجل التحديثات'!$B$5:$B$182,"أغسطس") -> 2 | E9: =COUNTIFS('سجل التحديثات'!$D$5:$D$182,$B9,'سجل التحديثات'!$B$5:$B$182,"سبتمبر") -> 0 | F9: =SUM(C9:E9) -> 6 | G9: =COUNTIFS('سجل التحديثات'!$D$5:$D$182,$B9,'سجل التحديثات'!$J$5:$J$182,"ملتزم") -> 6 | H9: =COUNTIFS('سجل التحديثات'!$D$5:$D$182,$B9,'سجل التحديثات'!$J$5:$J$182,"متأخر") -> 0 | I9: =IF(F9=0,0,G9/F9) -> 1
A10: 6 | B10: بلغاريا · Bulgaria | C10: =COUNTIFS('سجل التحديثات'!$D$5:$D$182,$B10,'سجل التحديثات'!$B$5:$B$182,"يوليو") -> 3 | D10: =COUNTIFS('سجل التحديثات'!$D$5:$D$182,$B10,'سجل التحديثات'!$B$5:$B$182,"أغسطس") -> 3 | E10: =COUNTIFS('سجل التحديثات'!$D$5:$D$182,$B10,'سجل التحديثات'!$B$5:$B$182,"سبتمبر") -> 0 | F10: =SUM(C10:E10) -> 6 | G10: =COUNTIFS('سجل التحديثات'!$D$5:$D$182,$B10,'سجل التحديثات'!$J$5:$J$182,"ملتزم") -> 6 | H10: =COUNTIFS('سجل التحديثات'!$D$5:$D$182,$B10,'سجل التحديثات'!$J$5:$J$182,"متأخر") -> 0 | I10: =IF(F10=0,0,G10/F10) -> 1
A11: 7 | B11: تايلاند · Thailand | C11: =COUNTIFS('سجل التحديثات'!$D$5:$D$182,$B11,'سجل التحديثات'!$B$5:$B$182,"يوليو") -> 3 | D11: =COUNTIFS('سجل التحديثات'!$D$5:$D$182,$B11,'سجل التحديثات'!$B$5:$B$182,"أغسطس") -> 1 | E11: =COUNTIFS('سجل التحديثات'!$D$5:$D$182,$B11,'سجل التحديثات'!$B$5:$B$182,"سبتمبر") -> 2 | F11: =SUM(C11:E11) -> 6 | G11: =COUNTIFS('سجل التحديثات'!$D$5:$D$182,$B11,'سجل التحديثات'!$J$5:$J$182,"ملتزم") -> 6 | H11: =COUNTIFS('سجل التحديثات'!$D$5:$D$182,$B11,'سجل التحديثات'!$J$5:$J$182,"متأخر") -> 0 | I11: =IF(F11=0,0,G11/F11) -> 1
A12: 8 | B12: أيرلندا · Ireland | C12: =COUNTIFS('سجل التحديثات'!$D$5:$D$182,$B12,'سجل التحديثات'!$B$5:$B$182,"يوليو") -> 0 | D12: =COUNTIFS('سجل التحديثات'!$D$5:$D$182,$B12,'سجل التحديثات'!$B$5:$B$182,"أغسطس") -> 0 | E12: =COUNTIFS('سجل التحديثات'!$D$5:$D$182,$B12,'سجل التحديثات'!$B$5:$B$182,"سبتمبر") -> 5 | F12: =SUM(C12:E12) -> 5 | G12: =COUNTIFS('سجل التحديثات'!$D$5:$D$182,$B12,'سجل التحديثات'!$J$5:$J$182,"ملتزم") -> 5 | H12: =COUNTIFS('سجل التحديثات'!$D$5:$D$182,$B12,'سجل التحديثات'!$J$5:$J$182,"متأخر") -> 0 | I12: =IF(F12=0,0,G12/F12) -> 1
A13: 9 | B13: إسبانيا · Spain | C13: =COUNTIFS('سجل التحديثات'!$D$5:$D$182,$B13,'سجل التحديثات'!$B$5:$B$182,"يوليو") -> 4 | D13: =COUNTIFS('سجل التحديثات'!$D$5:$D$182,$B13,'سجل التحديثات'!$B$5:$B$182,"أغسطس") -> 1 | E13: =COUNTIFS('سجل التحديثات'!$D$5:$D$182,$B13,'سجل التحديثات'!$B$5:$B$182,"سبتمبر") -> 0 | F13: =SUM(C13:E13) -> 5 | G13: =COUNTIFS('سجل التحديثات'!$D$5:$D$182,$B13,'سجل التحديثات'!$J$5:$J$182,"ملتزم") -> 5 | H13: =COUNTIFS('سجل التحديثات'!$D$5:$D$182,$B13,'سجل التحديثات'!$J$5:$J$182,"متأخر") -> 0 | I13: =IF(F13=0,0,G13/F13) -> 1
A14: 10 | B14: الكويت · Kuwait | C14: =COUNTIFS('سجل التحديثات'!$D$5:$D$182,$B14,'سجل التحديثات'!$B$5:$B$182,"يوليو") -> 0 | D14: =COUNTIFS('سجل التحديثات'!$D$5:$D$182,$B14,'سجل التحديثات'!$B$5:$B$182,"أغسطس") -> 1 | E14: =COUNTIFS('سجل التحديثات'!$D$5:$D$182,$B14,'سجل التحديثات'!$B$5:$B$182,"سبتمبر") -> 4 | F14: =SUM(C14:E14) -> 5 | G14: =COUNTIFS('سجل التحديثات'!$D$5:$D$182,$B14,'سجل التحديثات'!$J$5:$J$182,"ملتزم") -> 5 | H14: =COUNTIFS('سجل التحديثات'!$D$5:$D$182,$B14,'سجل التحديثات'!$J$5:$J$182,"متأخر") -> 0 | I14: =IF(F14=0,0,G14/F14) -> 1
A15: 11 | B15: بوتسوانا · Botswana | C15: =COUNTIFS('سجل التحديثات'!$D$5:$D$182,$B15,'سجل التحديثات'!$B$5:$B$182,"يوليو") -> 0 | D15: =COUNTIFS('سجل التحديثات'!$D$5:$D$182,$B15,'سجل التحديثات'!$B$5:$B$182,"أغسطس") -> 0 | E15: =COUNTIFS('سجل التحديثات'!$D$5:$D$182,$B15,'سجل التحديثات'!$B$5:$B$182,"سبتمبر") -> 5 | F15: =SUM(C15:E15) -> 5 | G15: =COUNTIFS('سجل التحديثات'!$D$5:$D$182,$B15,'سجل التحديثات'!$J$5:$J$182,"ملتزم") -> 5 | H15: =COUNTIFS('سجل التحديثات'!$D$5:$D$182,$B15,'سجل التحديثات'!$J$5:$J$182,"متأخر") -> 0 | I15: =IF(F15=0,0,G15/F15) -> 1
A16: 12 | B16: رومانيا · Romania | C16: =COUNTIFS('سجل التحديثات'!$D$5:$D$182,$B16,'سجل التحديثات'!$B$5:$B$182,"يوليو") -> 5 | D16: =COUNTIFS('سجل التحديثات'!$D$5:$D$182,$B16,'سجل التحديثات'!$B$5:$B$182,"أغسطس") -> 0 | E16: =COUNTIFS('سجل التحديثات'!$D$5:$D$182,$B16,'سجل التحديثات'!$B$5:$B$182,"سبتمبر") -> 0 | F16: =SUM(C16:E16) -> 5 | G16: =COUNTIFS('سجل التحديثات'!$D$5:$D$182,$B16,'سجل التحديثات'!$J$5:$J$182,"ملتزم") -> 5 | H16: =COUNTIFS('سجل التحديثات'!$D$5:$D$182,$B16,'سجل التحديثات'!$J$5:$J$182,"متأخر") -> 0 | I16: =IF(F16=0,0,G16/F16) -> 1
... A56: 52 | B56: هونغ كونغ · Hong Kong | C56: =COUNTIFS('سجل التحديثات'!$D$5:$D$182,$B56,'سجل التحديثات'!$B$5:$B$182,"يوليو") -> 0 | D56: =COUNTIFS('سجل التحديثات'!$D$5:$D$182,$B56,'سجل التحديثات'!$B$5:$B$182,"أغسطس") -> 0 | E56: =COUNTIFS('سجل التحديثات'!$D$5:$D$182,$B56,'سجل التحديثات'!$B$5:$B$182,"سبتمبر") -> 1 | F56: =SUM(C56:E56) -> 1 | G56: =COUNTIFS('سجل التحديثات'!$D$5:$D$182,$B56,'سجل التحديثات'!$J$5:$J$182,"ملتزم") -> 1 | H56: =COUNTIFS('سجل التحديثات'!$D$5:$D$182,$B56,'سجل التحديثات'!$J$5:$J$182,"متأخر") -> 0 | I56: =IF(F56=0,0,G56/F56) -> 1
B57: الإجمالي | C57: =SUM(C5:C56) -> 65 | D57: =SUM(D5:D56) -> 46 | E57: =SUM(E5:E56) -> 67 | F57: =SUM(F5:F56) -> 178 | G57: =SUM(G5:G56) -> 178 | H57: =SUM(H5:H56) -> 0 | I57: =IF(F57=0,0,G57/F57) -> 1
